"SourceSheet","EventDateRaw","EventDate","DateQuality","StartTime","EndTime","HostName","KidName","KidAge","Venue","KidsCount","AdultsCount","BasePrice","ExtraKidsCharge","ExtraAdultsCharge","PlayAreaTotal","DecorationStyle","DecorationDetails","DecorationTotal","FoodTotal","AddOnsTotal","ExtrasTotal","AdvanceReceived","AdvanceDate","ExpectedTotal","Adjustment","RemainingAmount","Remarks"
"Anaira 4th March","4th March","","Year missing from source date","17:30","20:00","Arati & Anup","Anaira","6.0","Kadugodi","10.0","10.0","8999.0","0","0","8999","Standard Decoration (Included)","Pink & White Balloon Arch","","6156","0","270","4000.0","28th February 2026","15425","1000.0","10425",""
"Arya 4th july","4th july","","Year missing from source date","12:00","02:30","Shailendra & Ekta","Arya","6.0","Nallurahalli","10.0","10.0","7999.0","0","0","7999","Themed Decoration","K-pop Demon Hunters Decoration - Full ring balloon decoration with Chrome purple, Pastel purple and white balloons with silver foil curtain.","3000.0","8456","0","125","4000.0","27th June, 2026","19580","","15580",""
"Avyaan 28th March","28th March ","","Year missing from source date","12:00","14:30","Vivek Gupta ","Avyaan","5.0","Kadugodi","17.0","15.0","7999.0","2800","1000","11799","Standard Decoration (Included)","Blue and White Balloon Arch","","0","3000","1150","3500.0","15th March 2026","15949","1000.0","11449",""
"Disha 1st August","1st August","","Year missing from source date","11:30","02:00","Upali","Disha","7.0","Nallurahalli","13.0","15.0","7999.0","1200","1000","10199","Themed Decoration","Stitch and Angel theme - Full ring decoration with pastel balloons, chrome balloons, foil balloons. Welcome board and an e-invite included.","3500.0","0","3000","0","4000.0","11th july , 2026","16699","","12699",""
"Khyatisree 7th April ","7th April ","","Year missing from source date","04:30","7.30 p.m","Ravi & Pavani","Khyatisree","5.0","Nallurhalli","20.0","10.0","8999.0","4000","0","12999","Standard Decoration (Included)","Pink and white balloon arch","","3360","0","550","4000.0","2nd April 2026","16909","709.0","12200",""
"Ridhi 19th July","19th July","","Year missing from source date","16:00","18:30","Ravi Verma","Ridhi Verma ","5.0","Kadugodi","12.0","14.0","8999.0","800","800","10599","Themed Decoration","Mermaid Theme - L shaped balloon decoration with a mermaid backdrop, pastel balloons, chrome balloon, foil balloons, number foil balloon on a tower, welcome board and e-invite ","4000.0","5666","10200","0","4500.0","4th July , 2026","30465","","25965",""
"Anaiza 16th Jan","16th January 2025","2025-01-16","","17:30","20:00","Falak Hasan","Anaiza & Amaira","7 & 6","Nallurahalli","15.0","15.0","5999.0","2000","1000","8999","Themed Decoration","2 Pink bunch and golden bunch ","500.0","0","0","475","3000.0","14th January 2026","9974","500.0","6474",""
"Sharvil 28 July","45866.0","2025-07-28","","17:30","20:00","Ankit Verna","Sharvil","6.0","Kadugodi","15.0","14.0","5999.0","2000","800","8799","Themed Decoration","White net curtain, Round balloon arch having blue, red, black, orange and green balloons with superhero Face foil balloon along with bigger 6 number foil balloon on a balloon tower
","2000.0","4865","1000","","16664","","13664","","",""
"Amyra 1 Aug","1st August, 2025","2025-08-01","","17:30","20:00","Snehal","Amyra","7.0","Nallurahalli","12.0","10.0","5999.0","800","0","6799","Standard Decoration (Included)","Pink & White Balloon Arch","","0","0","1000","3000.0","28th July, 2025","7799","","4799",""
"Prisha 1 Aug","45870.0","2025-08-01","","18:00","20:30","Suchit Mathur","Prisha","7.0","Kadugodi","11.0","10.0","5999.0","400","0","6399","Standard Decoration (Included)","Pink & White Balloon arch, Princess theme Welcome board (additional).","500.0","2520","0","0","3000.0","","9419","","6419",""
"Saketh 5 Aug","5th august, 2025","2025-08-05","","17:30","20:00","Anusha","Saketh","3.0","Kadugodi","10.0","10.0","6999.0","0","0","6999","Standard Decoration (Included)","Blue & Orange Balloon arch","","0","0","0","3000.0","28th July, 2025","6999","","3999",""
"Radhya 10 Aug","45879.0","2025-08-10","","12:30","15:00","Rounak & Aromita","Radhya","6.0","Kadugodi","10.0","14.0","7999.0","0","800","8799","Themed Decoration","Pink & White Balloon on Half ring stand with Strawberry Foil Balloons and Happy birthday bunting.","1000.0","6950","0","1430","4000.0","","18179","400.0","13779",""
"Aanaya 16 Aug","16th August, 2025","2025-08-16","","11:00","13:30","Avik & Priyanka","Aanaya","6.0","Nallurahalli","15.0","10.0","7999.0","2000","0","9999","Standard Decoration (Included)","White & Pink Balloon Arch","","5380","0","0","4000.0","","15379","3000.0","8379",""
"Aakanksha 28 Aug","28th August, 2025","2025-08-28","","18:00","20:30","Shweta Hippargi","AAKANKSHA","3.0","Kadugodi","10.0","16.0","5999.0","0","1200","7199","Standard Decoration (Included)","Blue & White Balloon Arch ","0.0","5340","500","150","3000.0","21st August, 2025","13189","","10189",""
"Agastya 30 Aug","30th August, 2025","2025-08-30","","12:00","14:30","Sakshi","Agastya","6.0","Nallurahalli","11.0","12.0","7999.0","400","400","8799","Standard Decoration (Included)","Blue & White Balloon Arch ","","0","0","1350","3500.0","","10149","","6649",""
"Ira 6 Sep","6th September 2025","2025-09-06","","14:00","16:30","Ishika and Rahul","Ira","6.0","Nallurahalli","10.0","10.0","7999.0","0","0","7999","Standard Decoration (Included)","Pink & White Balloon Arch ","","3270","0","500","4000.0","1st September 2025","11769","","7769",""
"Kavir 12 Sep","12th Sep 2025","2025-09-12","","17:30","20:00","Rajeev Verma","Kavir","5.0","Kadugodi","10.0","15.0","5999.0","0","1000","6999","Themed Decoration","Dinosaur Theme decoration - Yellow and green balloon full ring with Dino foil balloons.","1500.0","4909","2200","1075","4000.0","11th Sep 2025","16683","500.0","12183",""
"Ansh 20 Sep","20th Sep 2025","2025-09-20","","13:00","15:30","Siju P","Ansh","4.0","Nallurahalli","12.0","17.0","7999.0","800","1400","10199","Standard Decoration (Included)","Blue & White Balloon arch","","1560","0","500","4000.0","20th Sep 2025","12259","","8259",""
"Inaara 25th sep","25th September 2025","2025-09-25","","17:30","20:00","Shradha Sahu","Inaara","7.0","Kadugodi","10.0","10.0","5999.0","0","0","5999","Themed Decoration","Blue, White and Purple balloon arch","500.0","5350","3000","0","2000.0","22nd September, 2025","14849","","12849",""
"Mishika 4th oct","4th October, 2025","2025-10-04","","11:30","14:00","Meenu & Priyank ","Mishika","5.0","Kadugodi","10.0","10.0","7999.0","0","0","7999","Standard Decoration (Included)","Pink & White balloon arch","","2385","0","50","4000.0","21st September, 2025","10434","","6434",""
"Avni Aanya 7th Oct","7th October, 2025","2025-10-07","","17:30","20:00","Lab Kumar Singh","Avni & Aanya","4.0","Nallurahalli","11.0","11.0","8999.0","400","200","9599","Standard Decoration (Included)","Pink & White Balloon Arch","","8343","500","600","4500.0","23rd September, 2025","19042","25.0","14517",""
"Samaira 9th Oct","9th October, 2025","2025-10-09","","17:30","20:00","Sourobh Das","Samaira ","6.0","Nallurahalli","11.0","10.0","5999.0","400","0","6399","Standard Decoration (Included)","Pink & White Balloon Arch with Unicorn welcome board","600.0","0","500","0","3000.0","28th September, 2025","7499","55.0","4444",""
"Aryaveer 13th Oct","13th October 2025","2025-10-13","","18:00","20:30","Kalyani","Aryaveer","4.0","Kadugodi","10.0","10.0","4200.0","0","0","4200","Standard Decoration (Included)","Yellow & White Balloon Arch","","2184","0","230","2000.0","5th October 2025","6614","","4614",""
"Vihaan 16th Oct","16th October, 2025","2025-10-16","","17:30","20:00","Sowmya V","Vihaan","4.0","Kadugodi","11.0","12.0","5999.0","400","400","6799","Standard Decoration (Included)","Blue & White Balloon Arch with Thomas Train Welcome board ","500.0","3640","500","350","3000.0","29th September, 2025","11789","599.0","8190",""
"Brinda 21 Oct","21st October 2025","2025-10-21","","11:00","13:30","Dhriti Ghosh","Brinda","5.0","Nallurahalli","16.0","10.0","7999.0","2400","0","10399","Standard Decoration (Included)","Pink & White Balloon Arch","","2210","3000","345","4000.0","12th October 2025","15954","1800.0","10154",""
"Shrinika 25th Oct","25th October 2025","2025-10-25","","11:00","13:30","Bharath Reddy","Shrinika ","6.0","Nallurahalli","17.0","10.0","7999.0","2800","0","10799","Standard Decoration (Included)","Pink and White Balloon Arch","","0","0","0","3500.0","15th October 2025","10799","1700.0","5599",""
"Shrihaan 29th oct","29th October 2025","2025-10-29","","18:00","20:30","Deepak & Vaishali","Shrihaan","8.0","Kadugodi","15.0","13.0","5999.0","2000","600","8599","Standard Decoration (Included)","Yellow, Blue and White Balloon Arch","","0","0","1350","3000.0","18th October 2025","9949","","6949",""
"Mihir 9th Nov","9th Nov 2025","2025-11-09","","13:00","15:30","Arpita ","Mihir ","5.0","Kadugodi","15.0","20.0","7999.0","2000","2000","11999","Themed Decoration","Space Theme Decoration - Blue and White Balloon with space foil balloons including welcome board and e-invite.","2500.0","8195","3000","50","4000.0","45963.0","25744","","21744",""
"Eerav 10th nov","10th November 2025","2025-11-10","","17:30","20:00","Mithun Bhoomi","Eerav","5.0","Nallurahalli","10.0","14.0","5999.0","0","800","6799","Standard Decoration (Included)","Blue and White Balloon arch","","260","650","400","3000.0","5th November 2025","8109","237.0","4872",""
"Reyansh 12th Nov","12th November 2025","2025-11-12","","17:30","20:00","Vaibhav","Reyansh","","Nallurahalli","13.0","10.0","5999.0","1200","0","7199","Themed Decoration","Yellow black balloon arch & batman foil balloons","1500.0","200","3000","550","3000.0","5th November 2025","12449","","9449",""
"Jishnu 13th Nov","13th November 2025","2025-11-13","","17:30","20:00","Harihara ","Jishnu","7.0","Kadugodi","11.0","11.0","5999.0","400","200","6599","Standard Decoration (Included)","Blue & White Balloon Arch","","250","0","300","3000.0","13th Nov 2025","7149","","4149",""
"Hriti 14 Nov","14th November 2025","2025-11-14","","16:00","18:30PM","Aman Chawla","Hriti","3.0","Kadugodi","10.0","10.0","5999.0","0","0","5999","Standard Decoration (Included)","Pink and White Balloon Arch.","","5175","8800","0","5000.0","28th October 2025","19974","","14974",""
"Neil 14th Nov","14th November 2025","2025-11-14","","17:30","20:00","Mounika Dass","Neil","4.0","Nallurahalli","10.0","12.0","5999.0","0","400","6399","Standard Decoration (Included)","Blue and White Balloon Arch","","0","0","1350","3000.0","19th October 2025","7749","","4749",""
"Miriyam 19th Nov","19th November 2025","2025-11-19","","17:30","20:00","Vinny Rahul","Miriyam","5.0","Nallurahalli","10.0","10.0","5999.0","0","0","5999","Themed Decoration","Blue and Pink Balloon Arch with Welcome Board.","1000.0","4110","0","595","3000.0","14th November 2025","11704","","8704",""
"Arya 23rd Nov","23rd November 2025","2025-11-23","","11:00","13:30","Bijay Anupam","Arya","6.0","Nallurahalli","11.0","10.0","7999.0","400","0","8399","Themed Decoration","Blue and pink balloon arch with a welcome board, black “Happy Birthday” bunting, name banner, LED name box, and a black “Happy Birthday” table cover.","1000.0","0","0","325","4000.0","8th November 2025","9724","","5724",""
"Abhyudaya 24th nov","24th November 2025","2025-11-24","","14:00","16:30","Anukaran Agnihotry","Abhyudaya","3.0","Nallurahalli","10.0","10.0","4000.0","0","0","4000","Themed Decoration","Red & Black balloon arch,Mickey Mouse Foil balloons & Black HBD Bunting & table cover","1000.0","0","0","0","2500.0","16th November 2025","5000","","2500",""
"Sashvatha 30th Nov","30th November 2025","2025-11-30","","11:00","01:30","Aishwarya Sivakumar","Sashvatha","3.0","Nallurahalli","10.0","13.0","7999.0","0","600","8599","Standard Decoration (Included)","Blue and White Balloon Arch","","0","0","50","4000.0","26th October 2025","8649","","4649",""
"Yashika 30th Nov","30th Nov 2025","2025-11-30","","11:00","13:30","Asima Mohanty ","Yashika ","5.0","Kadugodi","10.0","11.0","7999.0","0","200","8199","Themed Decoration","","500.0","0","0","325","4000.0","18th Nov 2025","9024","","5024",""
"Krisha 3rd Dec","3rd December 2025","2025-12-03","","05:30","08:00","Pooja Payghan","Krisha","4.0","Nallurahalli","11.0","10.0","5999.0","400","0","6399","Standard Decoration (Included)","Pink And White Balloon Arch","","0","0","250","3000.0","29th November 2025","6649","","3649",""
"Shirin 10th Dec","10th Dec 2025","2025-12-10","","17:30 PM","20:00 PM","Abhishek & Richa","Shirin ","5.0","Kadugodi","14.0","18.0","5999.0","1600","1600","9199","Standard Decoration (Included)","Pink and White Standard Decoration ","","14120","0","450","5832.0","45967.0","23769","","17937",""
"Avyaan 13th Dec","13th Dec 2025","2025-12-13","","11:30","14:00","Abhishek & Payal","Avyaan","6.0","Kadugodi","11.0","10.0","7999.0","400","0","8399","Themed Decoration","Foil + Standard decoration ","500.0","0","0","0","4000.0","45962.0","8899","","4899",""
"Amyra 27 Dec","27th December 2025","2025-12-27","","11:30","14:00","Neha Ahmed","Amyra","4.0","Nallurahalli","10.0","10.0","7999.0","0","0","7999","Standard Decoration (Included)","Pink And Purple Balloon Arch with Welcome Board","1000.0","725","0","275","3500.0","3rd December 2025","9999","1000.0","5499",""
"Mishika 29 Dec","29th December 2025","2025-12-29","","11:00","13:30","Bhavini Sinha","Mishika","3.0","Kadugodi","10.0","15.0","5999.0","0","1000","6999","Themed Decoration","Mermaid Themed Decoration. To be paid directly to the vendor.","","0","9300","1850","6000.0","27-12-2025","18149","600.0","11549",""
"Kabir 31st Dec","31st Dec 2025","2025-12-31","","16:00","18:30","Anamica & Bivu","Kabir","3.0","Kadugodi","15.0","34.0","5999.0","2000","4800","12799","Themed Decoration","Full-ring yellow and black balloon arch, JCB and construction vehicles, Happy Birthday bunting and cards, balloon tower with big size 3 number foil balloon and a welcome board along with the E-Invite.","3000.0","20880","0","1850","7296","21st Dec 2025","38529","233.0","31000",""
"Haarika 18 Jan","18th January 2026","2026-01-18","","11:00","13:30","BalaSubhramaniam","Haarika","4.0","Nallurahalli","14.0","17.0","7999.0","1600","1400","10999","Themed Decoration","2 Color Balloon Arch - Green Yellow, Elsa Foils, Welcome Board, E-invite","2500.0","8820","0","2980","4000.0","","25299","","21299",""
"Anvik 19th Jan","19th January 2026","2026-01-19","","17:30","20:00","Sandeep Konda","Anvik ","5.0","Kadugodi","11.0","10.0","5999.0","400","0","6399","Themed Decoration","Standard decoration with Peppa Pig Welcome board","600.0","0","0","125","3000.0","12th January 2026","7124","","4124",""
"Mayra 30th Jan","30th January 2026","2026-01-30","","17:30","20:00","Mayank Garg","Mayra","5.0","Nallurahalli","13.0","11.0","5999.0","1200","200","7399","Standard Decoration (Included)","Blue and white Balloon arch","","7312","0","0","3000.0","46047.0","14711","","11711",""
"Nyra 1st feb","1st February 2026","2026-02-01","","11:00","13:30","Rachit Prasad","Nyra","4.0","Kadugodi","10.0","17.0","7999.0","0","1400","9399","Standard Decoration (Included)","Pink & White arch standard decoration","","14898","0","25","6292","15th January 2026","24322","10546.0","7484",""
"Tanvi 14th Feb","14th february, 2026","2026-02-14","","11:00","13:30","Chandrshekhar","Tanvi","6.0","Nallurahalli","10.0","11.0","7999.0","0.0","200.0","8199","Themed Decoration","Pink and Blue Balloon Arch with Welcome Board","1000.0","7320","0","450","4000.0","","16969","","12969",""
"Harishri 25th Feb","25th February, 2026","2026-02-25","","17:30","20:00","Gaurav Agarwal","Harishri","5.0","Nallurahalli","13.0","10.0","5999.0","1200","0","7199","Standard Decoration (Included)","Pink & White balloon arch","","3960","0","150","","","11309","1200.0","10109",""
"Avyaan 7th March","7th March 2026","2026-03-07","","11:00","01:30","Amrish","Avyaan","6.0","Nallurahalli","15.0","10.0","7999.0","2000","0","9999","Themed Decoration","Ninja Go Theme with Green foil background & L-shaped orange, yellow, green balloons with Ninja go HBD bunting. Ninja Go themed welcome board (design provided by the customer).","3000.0","10300","3000","150","4000.0","8th February 2026","26449","","22449",""
"Ambareish 8th march","8th March, 2026","2026-03-08","","11:30","14:00","Sunil ","Ambareish","3.0","Kadugodi","13.0","12.0","7999.0","1200","400","9599","Standard Decoration (Included)","Blue & White balloon arch","","0","0","1400","4000.0","18th Feb, 2026","10999","","6999",""
"Kabir 14th March","14th March 2026","2026-03-14","","11:00","13:30","Sabiha Armin","Kabir","3.0","Nallurahalli","10.0","17.0","7999.0","0.0","1400","9399","Themed Decoration","Full-ring yellow and green balloon arch with a dinosaur foil balloon, Happy Birthday bunting, e-invite, and welcome board.","3000.0","4956","0","1682","4000.0","15th February 2026","19037","","15037",""
"Divisha 17th March","17th March, 2026","2026-03-17","","18:00","20:30","Dhinesh Potnuru","Divisha","4.0","Nallurahalli","15.0","23.0","8999.0","2000","2600","13599","Themed Decoration","Unicorn theme decoration (Full ring with silver golden chrome balloon with pastel balloons & unicorn foil balloon) including welcome board & E-invite.","3500.0","12831","0","2561","4000.0","","32491","2199.0","26292",""
"Aaryava 22nd Mar","22nd March 2026","2026-03-22","","11:00","13:30","Mona & Sudeep","Aaryava","4.0","Kadugodi","10.0","18.0","7999.0","0","1600","9599","Themed Decoration","Paw Patrol theme (Full ring with red and blue balloons with paw patrol foil balloons). Includes welcome board and e-invite.","3000.0","0","0","350","4000.0","12th March 2026","12949","","8949",""
"Saatvik 23rd march ","23rd March 2026","2026-03-23","","17:00","19:30","Shashi Chandran ","Saatvik ","6.0","Kadugodi","10.0","10.0","5999.0","0","0","5999","Themed Decoration","Superhero themed decoration. Full ring with multicolored balloons with superhero foil balloons. Welcome board and e-invite is included.","3000.0","9339","0","470","3000.0","13th March 2026 ","18808","","15808",""
"Anvi 27th March","27th March 2026","2026-03-27","","18:00","20:30","Amit Tawani","Anvi ","3.0","Kadugodi","10.0","10.0","5999.0","0","0","5999","Standard Decoration (Included)","Pink and White ballon arch.","","2080","0","1100","3000.0","14th March 2026","9179","","6179",""
"Saikrishab 31st March","46112.0","2026-03-31","","17:30","20:00","Nivedita Dash","Krishav","5.0","Nallurahalli","11.0","14.0","8999.0","400","800","10199","Themed Decoration","Superhero themed decoration - Full ring decoration with Black, Green, Red, Dark blue, Orange balloons with superhero foil balloons.","3500.0","0","0","650","4500.0","1st March 2026","14349","","9849",""
"Kiara 4th April","4th April 2026","2026-04-04","","11:30","14:00","Agyapal Singh","Kiara","5.0","Nallurahalli","10.0","15.0","7999.0","0","1000","8999","Standard Decoration (Included)","Pastel shade balloons arch (Peach, purple and yellow)","500.0","0","0","250","4000.0","","9749","","5749",""
"Reyansh 15th April","15th April, 2026","2026-04-15","","18:00","20:30","Neel Roy","Reyansh","4.0","Nallurahalli","11.0","20.0","5999.0","400","2000","8399","Standard Decoration (Included)","Blue and white ballons decoration","","7392","0","1500","3000.0","23rd March, 2026","17291","","14291",""
"AVANTIKA 20th MAY","20th May,2026","2026-05-20","","18:00","20:30","Ankit singh","Avantika ","2.0","Kadugodi","10.0","15.0","5999.0","0","1000","6999","Themed Decoration","Pink, white & Golden balloon arch ","500.0","0","0","175","3000.0","17th May, 2026 ","7674","400.0","4274",""
"Rohini 27th May","27th May, 2026 ","2026-05-27","","18:00","20:30","Manoranjan Kumar ","Rohini","1.0","Kadugodi","10.0","17.0","5999.0","0","1400","7399","Standard Decoration (Included)","Pink & White balloon arch ","","0","0","1300","3000.0","46160.0","8699","","5699",""
"Prakriti 28th May ","28th, May 2026 ","2026-05-28","","17:30","20:00","Pravesh Thamrakar ","Prakriti ","5.0","Kadugodi","10.0","12.0","5999.0","0","400","6399","Themed Decoration","Full ring decoration with rainbow-themed balloon colors.","1000.0","0","0","100","3000.0","21st May, 2026","7499","","4499",""
"Aarush 31st May","31st May 2026","2026-05-31","","11:30","14:00","Pinaki Sarkar","Aarush","6.0","Nallurahalli","10.0","12.0","7999.0","0","400","8399","Themed Decoration","Ice cream theme decoration - Ice cream foil balloons, golden & silver chrome balloons, multi pastel colors balloons with themed welcome board and e-invite.","3500.0","12930","3000","320","4000.0","23rd May 2026","28149","","24149",""
"Ananya 31st May","31st May, 2026","2026-05-31","","13:30","16:00","Swaminathan","Ananya","8.0","Kadugodi","10.0","10.0","7999.0","0","0","7999","Themed Decoration","Minecraft balloon color - Green, Orange and Golden Chrome","500.0","0","0","0","4000.0","28th May, 2026","8499","","4499",""
"Mikshya 4th June","4th June, 2026","2026-06-04","","05:30","20:00","Anupam Mohanty","Mikshya","6.0","Kadugodi","13.0","10.0","5999.0","1200","0","7199","Standard Decoration (Included)","Pink & White balloon arch","","0","3000","1000","3000.0","","11199","","8199",""
"Navya 5th june ","5th June , 2026 ","2026-06-05","","17:30","20:00","Kumar Nishant","Navya","6.0","Kadugodi","10.0","10.0","5999.0","0","0","5999","Themed Decoration","Pink, Golden & White balloon arch ","500.0","3757","1100","1025","3000.0","27th May , 2026 ","12381","","9381",""
"Shresht 7th june ","7th June,2026 ","2026-06-07","","11:00","13:30","Shailendra ","Shresht ","3.0","Kadugodi","10.0","13.0","7999.0","0","600","8599","Standard Decoration (Included)","Blue & White Balloon Arch","","0","0","800","4000.0","27th May, 2026 ","9399","600.0","4799",""
"Mishka 28th June","28th June 2026","2026-06-28","","12:30","15:00","Dhiman Roy","Mishka","6.0","Kadugodi","10.0","26.0","7999.0","0","3200","11199","Standard Decoration (Included)","Tinker bell decoraction, with tinkerbell themed welcome board","11000.0","13061","6500","3780","9000.0","","45540","","36540",""
"Jiyansh 5 July","5th July, 2026","2026-07-05","","11:00","13:30","Kajal","Jiyansh","3.0","Nallurahalli","10.0","14.0","7999.0","0","800","8799","Standard Decoration (Included)","Blue & White decoration with Welcome Board","600.0","2448","600","250","4000.0","30th June, 2026","12697","1400.0","7297",""
"Sarthak 19th July","19th July , 2026 ","2026-07-19","","11:00","13:30","Suchitra ","Sarthak ","6.0","Kadugodi","10.0","16.0","7999.0","0","1200","9199","Standard Decoration (Included)","Blue & White Balloon Arch","","0","0","0","4000.0","9th July , 2026 ","9199","","5199",""
